{"val_accuracy":0.9091666666666667,"grad_norm_layer1":0.8350203573811699,"_timestamp":1.7727232089537115e+09,"_step":0,"epoch":1,"train_loss":0.6760439694023065,"_wandb":{"runtime":5},"_runtime":5}