{"loss_cross_entropy":[0.24555051797969346,1.3130833574109126],"_timestamp":1.772209513019737e+09,"_step":19,"loss_mse":[0.012009086087343588,1.9621646984640218],"_runtime":155,"_wandb":{"runtime":155},"epoch":9}