{"_runtime":85,"val_accuracy":0.9768333333333333,"train_loss":0.024202031338279466,"test_f1":0.9784044032711356,"_wandb":{"runtime":85},"grad_norm_layer1":2.243846730054203,"_timestamp":1.7728095461884494e+09,"_step":9,"epoch":10}